"V1","V2"
2,1
3,1
7,1
10,1
11,1
14,1
19,1
20,1
21,1
23,1
26,1
28,1
30,1
31,1
33,1
42,1
47,1
50,1
52,1
53,1
54,1
56,1
57,1
65,1
68,1
77,1
3,2
7,2
8,2
9,2
11,2
17,2
19,2
24,2
25,2
26,2
27,2
30,2
47,2
52,2
58,2
62,2
76,2
77,2
2,3
7,3
17,3
19,3
25,3
26,3
27,3
30,3
31,3
47,3
58,3
62,3
65,3
69,3
70,3
76,3
77,3
12,4
13,4
16,4
20,4
21,4
28,4
31,4
33,4
35,4
38,4
39,4
56,4
60,4
68,4
2,5
7,5
12,5
13,5
18,5
21,5
26,5
30,5
33,5
37,5
43,5
56,5
69,5
10,6
11,6
12,6
14,6
20,6
33,6
43,6
47,6
53,6
10,7
11,7
19,7
30,7
42,7
43,7
44,7
47,7
54,7
1,8
2,8
4,8
10,8
21,8
28,8
50,8
60,8
62,8
69,8
73,8
78,8
276,8
7,9
10,9
11,9
12,9
18,9
21,9
39,9
44,9
50,9
54,9
57,9
3,10
7,10
8,10
9,10
11,10
12,10
13,10
14,10
15,10
16,10
19,10
20,10
21,10
28,10
31,10
32,10
35,10
37,10
38,10
39,10
42,10
44,10
45,10
53,10
60,10
61,10
64,10
68,10
69,10
71,10
73,10
78,10
97,10
106,10
167,10
204,10
231,10
283,10
355,10
369,10
433,10
459,10
467,10
4,11
7,11
9,11
10,11
12,11
13,11
15,11
18,11
20,11
21,11
22,11
27,11
29,11
30,11
31,11
33,11
34,11
35,11
37,11
39,11
41,11
42,11
43,11
44,11
46,11
47,11
50,11
51,11
53,11
56,11
57,11
60,11
61,11
63,11
64,11
67,11
68,11
73,11
75,11
106,11
6,12
10,12
11,12
21,12
26,12
31,12
35,12
37,12
50,12
54,12
56,12
60,12
106,12
4,13
6,13
7,13
9,13
10,13
11,13
12,13
16,13
19,13
20,13
21,13
28,13
31,13
32,13
35,13
41,13
42,13
44,13
47,13
50,13
58,13
60,13
61,13
68,13
69,13
71,13
73,13
1,14
6,14
7,14
10,14
12,14
18,14
23,14
28,14
31,14
33,14
34,14
39,14
47,14
60,14
10,15
13,15
14,15
26,15
33,15
42,15
54,15
58,15
4,16
10,16
13,16
14,16
20,16
21,16
31,16
38,16
47,16
49,16
60,16
61,16
68,16
2,17
3,17
7,17
11,17
15,17
18,17
19,17
25,17
26,17
27,17
31,17
33,17
47,17
58,17
65,17
75,17
3,18
7,18
8,18
9,18
10,18
11,18
12,18
14,18
20,18
21,18
23,18
28,18
31,18
39,18
50,18
51,18
67,18
68,18
73,18
3,19
58,19
6,20
7,20
10,20
11,20
12,20
13,20
16,20
18,20
21,20
23,20
28,20
30,20
31,20
32,20
33,20
35,20
37,20
38,20
39,20
41,20
42,20
47,20
50,20
51,20
60,20
61,20
64,20
68,20
69,20
71,20
72,20
73,20
230,20
1,21
4,21
7,21
8,21
10,21
11,21
13,21
16,21
18,21
20,21
29,21
30,21
31,21
32,21
37,21
39,21
41,21
42,21
44,21
46,21
47,21
50,21
56,21
60,21
61,21
67,21
68,21
73,21
78,21
7,22
9,22
10,22
11,22
12,22
16,22
18,22
20,22
28,22
31,22
34,22
35,22
37,22
40,22
42,22
50,22
67,22
68,22
71,22
73,22
1,23
3,23
9,23
11,23
14,23
18,23
26,23
30,23
31,23
33,23
34,23
36,23
39,23
41,23
58,23
2,24
3,24
7,24
13,24
19,24
26,24
27,24
30,24
33,24
36,24
45,24
52,24
58,24
62,24
66,24
2,25
3,25
19,25
27,25
46,25
47,25
51,25
62,25
2,26
3,26
7,26
10,26
12,26
15,26
18,26
19,26
25,26
27,26
30,26
47,26
51,26
52,26
58,26
62,26
77,26
1,27
3,27
6,27
7,27
11,27
15,27
18,27
19,27
25,27
26,27
28,27
30,27
31,27
33,27
35,27
38,27
47,27
50,27
52,27
56,27
58,27
60,27
61,27
65,27
4,28
10,28
11,28
13,28
20,28
21,28
26,28
30,28
31,28
33,28
35,28
38,28
39,28
41,28
48,28
53,28
60,28
68,28
73,28
7,29
10,29
11,29
31,29
33,29
35,29
36,29
39,29
42,29
50,29
67,29
1,30
4,30
7,30
8,30
14,30
19,30
26,30
28,30
31,30
38,30
42,30
44,30
47,30
58,30
62,30
1,31
3,31
4,31
7,31
8,31
9,31
10,31
11,31
13,31
14,31
16,31
20,31
21,31
27,31
28,31
30,31
33,31
35,31
37,31
38,31
41,31
44,31
50,31
54,31
60,31
65,31
67,31
68,31
69,31
73,31
8,32
10,32
13,32
21,32
1,33
6,33
7,33
11,33
12,33
14,33
18,33
21,33
23,33
28,33
30,33
31,33
42,33
65,33
68,33
1,34
4,34
9,34
10,34
11,34
12,34
14,34
16,34
18,34
20,34
21,34
23,34
29,34
31,34
33,34
35,34
36,34
37,34
38,34
39,34
40,34
41,34
42,34
44,34
49,34
50,34
51,34
60,34
64,34
67,34
68,34
72,34
10,35
12,35
13,35
20,35
21,35
28,35
30,35
31,35
33,35
37,35
41,35
47,35
68,35
69,35
73,35
2,36
7,36
10,36
18,36
23,36
34,36
41,36
44,36
64,36
10,37
11,37
12,37
18,37
20,37
31,37
35,37
39,37
40,37
43,37
44,37
45,37
50,37
51,37
57,37
69,37
73,37
4,38
7,38
8,38
10,38
13,38
16,38
20,38
26,38
28,38
30,38
31,38
35,38
46,38
50,38
73,38
3,39
4,39
8,39
9,39
10,39
11,39
14,39
18,39
19,39
20,39
21,39
23,39
29,39
33,39
34,39
37,39
40,39
41,39
42,39
43,39
44,39
50,39
51,39
60,39
61,39
64,39
69,39
73,39
4,40
7,40
10,40
11,40
12,40
14,40
15,40
18,40
20,40
21,40
22,40
28,40
32,40
33,40
37,40
39,40
43,40
60,40
69,40
73,40
74,40
2,41
4,41
7,41
11,41
18,41
20,41
21,41
23,41
28,41
31,41
34,41
36,41
39,41
40,41
44,41
49,41
50,41
51,41
52,41
61,41
72,41
1,42
2,42
4,42
7,42
8,42
9,42
10,42
12,42
13,42
15,42
16,42
19,42
20,42
21,42
22,42
23,42
26,42
28,42
30,42
31,42
33,42
34,42
35,42
36,42
37,42
38,42
39,42
40,42
43,42
44,42
45,42
47,42
48,42
50,42
51,42
52,42
54,42
56,42
61,42
64,42
68,42
69,42
71,42
73,42
78,42
18,43
39,43
42,43
46,43
47,43
4,44
7,44
10,44
11,44
23,44
26,44
31,44
33,44
35,44
36,44
37,44
38,44
41,44
42,44
46,44
58,44
60,44
70,44
73,44
3,45
10,45
13,45
14,45
26,45
28,45
30,45
33,45
37,45
44,45
47,45
50,45
53,45
73,45
10,46
11,46
18,46
19,46
26,46
27,46
38,46
44,46
47,46
50,46
2,47
3,47
7,47
14,47
16,47
19,47
20,47
26,47
27,47
30,47
31,47
43,47
48,47
50,47
57,47
58,47
60,47
61,47
77,47
3,48
4,48
20,48
28,48
50,48
51,48
78,48
79,48
10,49
11,49
16,49
18,49
30,49
31,49
33,49
48,49
50,49
51,49
79,49
8,50
11,50
12,50
13,50
20,50
21,50
28,50
31,50
38,50
46,50
47,50
48,50
60,50
61,50
69,50
70,50
78,50
79,50
354,50
3,51
10,51
11,51
12,51
13,51
16,51
18,51
20,51
22,51
31,51
33,51
34,51
35,51
37,51
39,51
41,51
42,51
49,51
50,51
60,51
61,51
68,51
492,51
1,52
3,52
15,52
27,52
58,52
62,52
65,52
69,52
76,52
1,53
6,53
10,53
13,53
22,53
28,53
31,53
52,53
54,53
56,53
57,53
58,53
60,53
61,53
64,53
67,53
68,53
69,53
71,53
73,53
75,53
1,54
12,54
15,54
53,54
57,54
60,54
69,54
77,54
15,55
21,55
58,55
60,55
61,55
68,55
105,55
1,56
4,56
6,56
7,56
11,56
12,56
16,56
18,56
19,56
20,56
30,56
33,56
57,56
61,56
64,56
68,56
69,56
70,56
231,56
276,56
1,57
3,57
9,57
10,57
12,57
21,57
30,57
53,57
54,57
62,57
65,57
69,57
70,57
2,58
3,58
10,58
15,58
19,58
26,58
27,58
28,58
30,58
33,58
44,58
52,58
53,58
65,58
67,58
75,58
76,58
77,58
10,59
14,59
57,59
60,59
61,59
68,59
69,59
4,60
6,60
8,60
9,60
10,60
11,60
12,60
13,60
14,60
16,60
20,60
21,60
28,60
31,60
33,60
34,60
35,60
37,60
44,60
47,60
50,60
51,60
53,60
54,60
56,60
57,60
58,60
59,60
61,60
64,60
67,60
68,60
69,60
71,60
73,60
76,60
78,60
276,60
283,60
7,61
12,61
18,61
20,61
21,61
30,61
39,61
44,61
47,61
53,61
57,61
60,61
65,61
67,61
68,61
69,61
73,61
78,61
2,62
3,62
8,62
52,62
65,62
69,62
77,62
1,63
10,63
11,63
12,63
13,63
20,63
26,63
31,63
39,63
51,63
59,63
60,63
64,63
68,63
69,63
70,63
73,63
78,63
4,64
10,64
11,64
13,64
14,64
20,64
23,64
28,64
34,64
36,64
39,64
44,64
54,64
56,64
60,64
61,64
69,64
70,64
73,64
78,64
3,65
27,65
33,65
52,65
57,65
58,65
61,65
62,65
67,65
68,65
70,65
75,65
3,66
24,66
26,66
27,66
52,66
58,66
65,66
70,66
73,66
75,66
77,66
28,67
31,67
37,67
39,67
40,67
53,67
54,67
57,67
58,67
59,67
61,67
62,67
65,67
68,67
69,67
73,67
105,67
10,68
11,68
12,68
13,68
20,68
21,68
28,68
30,68
31,68
33,68
35,68
51,68
57,68
59,68
60,68
61,68
64,68
67,68
69,68
73,68
76,68
77,68
1,69
5,69
7,69
8,69
9,69
10,69
20,69
28,69
31,69
32,69
33,69
35,69
38,69
53,69
57,69
60,69
62,69
63,69
64,69
67,69
68,69
70,69
73,69
76,69
3,70
11,70
19,70
21,70
26,70
27,70
30,70
44,70
52,70
58,70
62,70
69,70
76,70
7,71
10,71
12,71
13,71
19,71
20,71
21,71
28,71
40,71
44,71
49,71
50,71
54,71
57,71
60,71
61,71
64,71
67,71
68,71
69,71
70,71
72,71
73,71
78,71
41,72
53,72
57,72
58,72
64,72
78,72
4,73
10,73
13,73
18,73
20,73
21,73
28,73
31,73
34,73
35,73
37,73
38,73
39,73
44,73
45,73
51,73
53,73
54,73
60,73
64,73
67,73
68,73
69,73
71,73
77,73
12,74
20,74
28,74
30,74
38,74
40,74
43,74
47,74
54,74
57,74
60,74
61,74
62,74
64,74
68,74
73,74
3,75
11,75
27,75
30,75
44,75
52,75
58,75
62,75
65,75
70,75
76,75
77,75
176,75
3,76
11,76
19,76
27,76
52,76
58,76
62,76
69,76
70,76
75,76
2,77
3,77
19,77
26,77
27,77
52,77
54,77
55,77
57,77
58,77
65,77
75,77
76,77
8,78
12,78
14,78
20,78
21,78
31,78
32,78
41,78
42,78
47,78
48,78
50,78
53,78
54,78
57,78
58,78
60,78
61,78
67,78
68,78
69,78
73,78
79,78
354,78
50,79
61,79
68,79
73,79
78,79
81,80
83,80
88,80
89,80
90,80
94,80
98,80
100,80
101,80
104,80
105,80
107,80
108,80
109,80
110,80
113,80
121,80
122,80
124,80
126,80
127,80
133,80
135,80
136,80
137,80
139,80
157,80
80,81
89,81
90,81
97,81
99,81
103,81
104,81
108,81
110,81
112,81
113,81
122,81
137,81
139,81
151,81
80,82
85,82
108,82
113,82
122,82
137,82
80,83
81,83
88,83
94,83
98,83
101,83
104,83
105,83
107,83
108,83
110,83
120,83
122,83
124,83
130,83
137,83
80,84
85,84
98,84
100,84
104,84
107,84
122,84
124,84
125,84
126,84
127,84
133,84
136,84
84,85
87,85
97,85
98,85
100,85
103,85
104,85
110,85
111,85
119,85
123,85
124,85
126,85
127,85
132,85
133,85
143,85
145,85
147,85
157,85
159,85
161,85
163,85
90,86
91,86
93,86
104,86
105,86
107,86
111,86
125,86
130,86
148,86
151,86
84,87
97,87
98,87
104,87
106,87
123,87
124,87
127,87
132,87
140,87
145,87
151,87
159,87
161,87
97,88
101,88
108,88
137,88
138,88
139,88
151,88
80,89
93,89
104,89
131,89
139,89
151,89
80,90
81,90
88,90
89,90
91,90
92,90
94,90
100,90
107,90
108,90
110,90
116,90
119,90
120,90
124,90
126,90
133,90
138,90
139,90
146,90
149,90
160,90
85,91
90,91
108,91
122,91
141,91
151,91
80,92
81,92
88,92
89,92
90,92
94,92
95,92
97,92
99,92
102,92
104,92
105,92
107,92
108,92
110,92
111,92
112,92
116,92
118,92
120,92
122,92
126,92
130,92
133,92
139,92
146,92
151,92
154,92
10,93
80,93
84,93
88,93
89,93
94,93
95,93
97,93
98,93
99,93
101,93
107,93
108,93
109,93
113,93
116,93
122,93
124,93
126,93
127,93
128,93
129,93
130,93
131,93
133,93
135,93
136,93
139,93
145,93
147,93
151,93
152,93
176,93
216,93
231,93
461,93
80,94
86,94
88,94
89,94
90,94
93,94
95,94
96,94
98,94
99,94
100,94
108,94
109,94
110,94
112,94
113,94
116,94
120,94
122,94
124,94
126,94
135,94
139,94
146,94
151,94
103,95
104,95
107,95
108,95
110,95
111,95
113,95
122,95
151,95
152,95
88,96
89,96
91,96
94,96
104,96
108,96
110,96
120,96
151,96
155,96
98,97
105,97
106,97
112,97
124,97
126,97
127,97
132,97
133,97
137,97
140,97
141,97
145,97
147,97
149,97
157,97
161,97
163,97
432,97
78,98
80,98
85,98
88,98
89,98
93,98
94,98
97,98
99,98
101,98
103,98
105,98
106,98
107,98
109,98
110,98
111,98
112,98
118,98
119,98
124,98
126,98
127,98
128,98
129,98
132,98
133,98
136,98
139,98
141,98
145,98
147,98
151,98
152,98
157,98
159,98
161,98
163,98
167,98
354,98
417,98
80,99
81,99
85,99
100,99
105,99
124,99
126,99
146,99
88,100
99,100
101,100
104,100
105,100
108,100
130,100
80,101
88,101
89,101
94,101
98,101
100,101
103,101
104,101
105,101
110,101
111,101
112,101
124,101
126,101
130,101
137,101
139,101
141,101
145,101
151,101
158,101
80,102
86,102
88,102
89,102
92,102
94,102
104,102
108,102
110,102
111,102
116,102
118,102
119,102
120,102
124,102
126,102
133,102
141,102
147,102
148,102
149,102
150,102
151,102
94,103
97,103
98,103
105,103
112,103
119,103
124,103
126,103
127,103
133,103
163,103
80,104
88,104
92,104
94,104
95,104
101,104
105,104
108,104
109,104
110,104
112,104
113,104
133,104
145,104
152,104
80,105
104,105
106,105
112,105
129,105
147,105
80,106
87,106
97,106
98,106
103,106
104,106
105,106
107,106
110,106
111,106
112,106
123,106
124,106
126,106
127,106
132,106
133,106
136,106
147,106
152,106
158,106
161,106
163,106
191,106
80,107
85,107
86,107
88,107
89,107
90,107
92,107
93,107
94,107
95,107
96,107
98,107
101,107
104,107
105,107
108,107
109,107
110,107
112,107
116,107
120,107
122,107
124,107
125,107
126,107
127,107
129,107
130,107
131,107
133,107
136,107
138,107
139,107
147,107
148,107
151,107
152,107
158,107
80,108
82,108
86,108
88,108
89,108
90,108
91,108
92,108
93,108
94,108
95,108
96,108
98,108
99,108
100,108
101,108
102,108
104,108
105,108
107,108
109,108
110,108
111,108
112,108
113,108
114,108
115,108
116,108
119,108
120,108
122,108
124,108
126,108
127,108
130,108
134,108
139,108
141,108
142,108
146,108
147,108
149,108
150,108
151,108
152,108
159,108
162,108
80,109
86,109
93,109
94,109
95,109
96,109
99,109
108,109
111,109
119,109
122,109
126,109
133,109
137,109
141,109
151,109
152,109
80,110
85,110
88,110
89,110
94,110
95,110
97,110
98,110
101,110
102,110
104,110
105,110
107,110
108,110
111,110
112,110
113,110
120,110
122,110
123,110
124,110
125,110
126,110
131,110
139,110
148,110
151,110
152,110
157,110
158,110
85,111
97,111
98,111
103,111
105,111
106,111
108,111
112,111
123,111
124,111
126,111
127,111
132,111
133,111
147,111
152,111
157,111
159,111
160,111
161,111
163,111
460,111
81,112
92,112
94,112
97,112
104,112
105,112
108,112
113,112
119,112
121,112
123,112
126,112
133,112
135,112
147,112
159,112
163,112
80,113
85,113
93,113
98,113
104,113
108,113
110,113
111,113
112,113
122,113
126,113
145,113
147,113
149,113
151,113
157,113
88,114
89,114
91,114
94,114
98,114
108,114
110,114
116,114
120,114
81,115
88,115
91,115
98,115
101,115
107,115
116,115
130,115
131,115
146,115
151,115
154,115
155,115
88,116
92,116
94,116
95,116
97,116
100,116
101,116
108,116
115,116
118,116
120,116
122,116
125,116
126,116
130,116
133,116
140,116
145,116
146,116
151,116
154,116
163,116
98,117
104,117
136,117
150,117
158,117
86,118
88,118
94,118
101,118
104,118
105,118
108,118
112,118
113,118
116,118
122,118
123,118
124,118
125,118
126,118
130,118
135,118
142,118
151,118
152,118
154,118
173,118
359,118
400,118
448,118
81,119
94,119
97,119
98,119
106,119
124,119
126,119
127,119
132,119
133,119
138,119
145,119
147,119
157,119
159,119
163,119
80,120
101,120
104,120
107,120
124,120
126,120
129,120
138,120
163,120
98,121
126,121
127,121
145,121
156,121
161,121
80,122
81,122
82,122
84,122
88,122
91,122
93,122
94,122
98,122
100,122
108,122
109,122
110,122
112,122
113,122
123,122
124,122
125,122
126,122
127,122
129,122
130,122
139,122
152,122
158,122
163,122
80,123
94,123
101,123
106,123
111,123
119,123
121,123
122,123
124,123
126,123
127,123
133,123
137,123
159,123
160,123
161,123
80,124
85,124
97,124
98,124
101,124
103,124
106,124
107,124
111,124
122,124
123,124
125,124
126,124
127,124
132,124
133,124
136,124
137,124
139,124
147,124
156,124
157,124
158,124
159,124
160,124
162,124
163,124
122,125
124,125
158,125
80,126
84,126
85,126
89,126
93,126
95,126
97,126
98,126
101,126
103,126
104,126
105,126
106,126
107,126
109,126
110,126
111,126
112,126
113,126
119,126
120,126
121,126
122,126
123,126
124,126
127,126
128,126
129,126
130,126
132,126
133,126
137,126
139,126
145,126
147,126
151,126
156,126
157,126
158,126
159,126
160,126
161,126
163,126
208,126
276,126
322,126
354,126
431,126
80,127
81,127
93,127
97,127
98,127
103,127
104,127
105,127
106,127
107,127
110,127
111,127
119,127
122,127
123,127
124,127
126,127
128,127
130,127
132,127
133,127
136,127
147,127
157,127
159,127
160,127
161,127
163,127
216,127
269,127
432,127
98,128
112,128
123,128
127,128
158,128
88,129
89,129
93,129
97,129
105,129
122,129
126,129
127,129
133,129
137,129
147,129
151,129
155,129
160,129
161,129
162,129
163,129
80,130
81,130
86,130
87,130
88,130
89,130
91,130
92,130
93,130
94,130
95,130
96,130
97,130
98,130
99,130
100,130
101,130
104,130
105,130
108,130
109,130
110,130
112,130
113,130
115,130
116,130
120,130
122,130
124,130
126,130
127,130
129,130
131,130
134,130
135,130
137,130
143,130
147,130
148,130
149,130
151,130
152,130
160,130
161,130
163,130
88,131
89,131
93,131
94,131
95,131
97,131
98,131
99,131
100,131
104,131
107,131
108,131
110,131
114,131
116,131
120,131
122,131
129,131
130,131
133,131
135,131
139,131
149,131
80,132
85,132
97,132
98,132
101,132
103,132
104,132
106,132
107,132
111,132
123,132
124,132
126,132
127,132
133,132
136,132
137,132
152,132
157,132
158,132
159,132
161,132
163,132
80,133
93,133
97,133
98,133
101,133
103,133
104,133
106,133
107,133
123,133
124,133
126,133
127,133
129,133
131,133
132,133
135,133
136,133
147,133
151,133
157,133
159,133
160,133
161,133
163,133
85,134
88,134
100,134
102,134
105,134
107,134
110,134
111,134
113,134
126,134
127,134
129,134
131,134
132,134
133,134
135,134
161,134
162,134
163,134
93,135
97,135
105,135
112,135
119,135
122,135
123,135
126,135
127,135
130,135
133,135
134,135
139,135
140,135
156,135
158,135
159,135
162,135
163,135
80,136
81,136
94,136
98,136
101,136
104,136
105,136
111,136
119,136
122,136
124,136
126,136
129,136
133,136
138,136
139,136
146,136
147,136
149,136
162,136
163,136
80,137
81,137
97,137
122,137
124,137
138,137
139,137
141,137
146,137
148,137
149,137
151,137
159,137
160,137
163,137
88,138
90,138
97,138
100,138
107,138
112,138
122,138
137,138
139,138
140,138
141,138
145,138
146,138
149,138
151,138
158,138
159,138
163,138
80,139
88,139
89,139
90,139
91,139
94,139
97,139
98,139
101,139
104,139
106,139
107,139
108,139
111,139
112,139
122,139
124,139
126,139
129,139
133,139
137,139
138,139
140,139
141,139
145,139
146,139
147,139
149,139
150,139
151,139
152,139
153,139
154,139
159,139
160,139
161,139
162,139
163,139
84,140
97,140
106,140
133,140
135,140
138,140
139,140
145,140
147,140
149,140
156,140
157,140
158,140
159,140
160,140
161,140
163,140
80,141
91,141
98,141
101,141
109,141
137,141
139,141
146,141
149,141
151,141
152,141
160,141
161,141
163,141
80,142
81,142
88,142
89,142
91,142
95,142
96,142
101,142
107,142
108,142
110,142
112,142
113,142
115,142
116,142
122,142
126,142
129,142
137,142
138,142
139,142
141,142
145,142
146,142
147,142
148,142
149,142
150,142
151,142
152,142
154,142
155,142
157,142
158,142
159,142
162,142
163,142
85,143
98,143
101,143
123,143
126,143
127,143
138,143
140,143
145,143
158,143
160,143
161,143
163,143
90,144
91,144
94,144
95,144
98,144
100,144
111,144
137,144
149,144
152,144
163,144
97,145
98,145
99,145
105,145
127,145
128,145
138,145
140,145
147,145
151,145
157,145
159,145
161,145
163,145
88,146
89,146
90,146
92,146
94,146
96,146
100,146
112,146
116,146
122,146
129,146
137,146
139,146
141,146
145,146
148,146
149,146
154,146
155,146
162,146
163,146
85,147
94,147
97,147
98,147
102,147
103,147
104,147
105,147
106,147
107,147
108,147
111,147
112,147
123,147
124,147
126,147
127,147
133,147
140,147
145,147
149,147
156,147
157,147
158,147
159,147
161,147
163,147
93,148
95,148
98,148
105,148
110,148
126,148
129,148
137,148
146,148
147,148
149,148
151,148
152,148
159,148
160,148
161,148
163,148
88,149
93,149
94,149
97,149
98,149
100,149
101,149
102,149
104,149
108,149
112,149
113,149
115,149
122,149
124,149
126,149
127,149
129,149
130,149
135,149
137,149
138,149
139,149
140,149
141,149
143,149
144,149
145,149
146,149
147,149
148,149
150,149
151,149
152,149
154,149
157,149
158,149
159,149
160,149
162,149
163,149
80,150
89,150
98,150
101,150
102,150
105,150
108,150
112,150
116,150
129,150
137,150
138,150
139,150
140,150
141,150
144,150
146,150
149,150
151,150
155,150
158,150
163,150
86,151
88,151
91,151
93,151
94,151
98,151
101,151
102,151
108,151
110,151
112,151
113,151
116,151
122,151
124,151
126,151
127,151
131,151
132,151
133,151
137,151
139,151
141,151
146,151
147,151
149,151
152,151
153,151
154,151
155,151
162,151
163,151
88,152
89,152
95,152
98,152
100,152
107,152
108,152
109,152
110,152
111,152
112,152
124,152
126,152
138,152
139,152
141,152
145,152
146,152
147,152
148,152
149,152
151,152
154,152
158,152
159,152
160,152
163,152
89,153
126,153
129,153
138,153
145,153
146,153
147,153
149,153
151,153
152,153
155,153
157,153
89,154
101,154
107,154
108,154
116,154
137,154
138,154
139,154
146,154
149,154
151,154
162,154
88,155
94,155
96,155
111,155
115,155
122,155
129,155
137,155
139,155
140,155
141,155
146,155
149,155
151,155
153,155
154,155
81,156
105,156
111,156
112,156
121,156
124,156
126,156
140,156
145,156
146,156
147,156
157,156
158,156
160,156
161,156
163,156
97,157
98,157
103,157
111,157
123,157
124,157
126,157
135,157
138,157
140,157
145,157
147,157
149,157
158,157
159,157
160,157
161,157
163,157
97,158
101,158
108,158
110,158
117,158
122,158
124,158
125,158
126,158
132,158
135,158
138,158
140,158
142,158
145,158
147,158
149,158
152,158
157,158
159,158
161,158
163,158
97,159
98,159
101,159
112,159
119,159
123,159
124,159
125,159
126,159
127,159
133,159
135,159
137,159
140,159
145,159
147,159
157,159
158,159
160,159
161,159
163,159
85,160
98,160
122,160
124,160
126,160
127,160
133,160
137,160
140,160
145,160
147,160
148,160
149,160
157,160
158,160
159,160
161,160
163,160
85,161
97,161
98,161
103,161
105,161
111,161
112,161
123,161
126,161
127,161
132,161
133,161
140,161
145,161
147,161
148,161
149,161
152,161
156,161
157,161
158,161
159,161
160,161
163,161
432,161
493,161
30,162
88,162
98,162
104,162
105,162
117,162
129,162
135,162
136,162
137,162
139,162
141,162
146,162
149,162
151,162
152,162
154,162
157,162
159,162
163,162
80,163
88,163
97,163
98,163
103,163
105,163
107,163
111,163
112,163
116,163
119,163
123,163
124,163
126,163
127,163
129,163
132,163
133,163
135,163
136,163
137,163
139,163
140,163
143,163
145,163
147,163
149,163
152,163
157,163
158,163
159,163
160,163
161,163
162,163
216,163
231,163
254,163
366,163
166,164
167,164
166,165
167,165
169,165
170,165
171,165
173,165
176,165
180,165
182,165
188,165
189,165
198,165
165,166
167,166
169,166
170,166
171,166
172,166
176,166
182,166
190,166
191,166
200,166
354,166
98,167
164,167
165,167
166,167
169,167
170,167
171,167
172,167
173,167
177,167
180,167
182,167
184,167
186,167
188,167
191,167
196,167
200,167
354,167
166,168
167,168
170,168
177,168
180,168
191,168
165,169
166,169
167,169
170,169
171,169
182,169
183,169
186,169
165,170
166,170
167,170
169,170
171,170
177,170
182,170
186,170
190,170
191,170
200,170
165,171
166,171
167,171
169,171
179,171
182,171
183,171
186,171
194,171
200,171
167,172
190,172
165,173
171,173
176,173
177,173
178,173
173,174
167,175
170,175
173,175
177,175
196,175
173,176
177,176
178,176
167,177
170,177
175,177
176,177
178,177
173,178
176,178
177,178
171,179
180,179
197,179
167,180
179,180
181,180
191,180
165,181
172,181
180,181
186,181
165,182
167,182
169,182
170,182
171,182
185,182
186,182
187,182
194,182
165,183
167,183
171,183
179,183
182,183
186,183
194,183
197,183
167,184
174,184
200,184
182,185
186,185
170,186
171,186
182,186
171,187
194,187
165,188
167,188
189,188
192,188
195,188
198,188
200,188
166,189
191,189
192,189
198,189
166,190
167,190
170,190
172,190
195,190
10,191
167,191
168,191
170,191
176,191
180,191
192,191
200,191
166,192
167,192
171,192
187,192
188,192
189,192
191,192
164,193
200,193
171,194
176,194
178,194
180,194
183,194
196,194
200,194
167,195
181,195
200,195
166,196
167,196
171,197
176,197
179,197
165,198
169,198
177,198
181,198
188,198
189,198
190,198
194,198
195,198
199,198
200,198
172,199
195,199
104,200
165,200
167,200
169,200
170,200
171,200
176,200
182,200
184,200
189,200
193,200
194,200
195,200
211,201
211,202
213,202
220,202
222,202
236,202
241,202
257,202
263,202
271,202
276,202
278,202
295,202
206,203
208,203
211,203
214,203
219,203
222,203
223,203
225,203
226,203
230,203
261,203
273,203
277,203
285,203
301,203
211,204
222,204
232,204
261,204
247,205
208,206
211,206
212,206
215,206
216,206
217,206
219,206
225,206
226,206
230,206
233,206
236,206
242,206
256,206
262,206
263,206
269,206
270,206
272,206
276,206
280,206
281,206
287,206
301,206
306,206
204,207
208,207
211,207
212,207
215,207
216,207
217,207
219,207
222,207
223,207
232,207
235,207
236,207
241,207
247,207
264,207
266,207
267,207
281,207
308,207
206,208
207,208
209,208
210,208
211,208
212,208
213,208
215,208
216,208
217,208
218,208
219,208
222,208
223,208
230,208
231,208
232,208
234,208
235,208
239,208
241,208
243,208
248,208
259,208
263,208
264,208
265,208
266,208
267,208
268,208
271,208
272,208
273,208
275,208
276,208
277,208
281,208
282,208
285,208
301,208
307,208
460,208
207,209
208,209
210,209
211,209
212,209
241,209
247,209
265,209
275,209
279,209
285,209
310,209
207,210
208,210
211,210
212,210
213,210
214,210
216,210
219,210
221,210
222,210
230,210
232,210
234,210
242,210
259,210
267,210
203,211
205,211
206,211
207,211
208,211
209,211
210,211
212,211
213,211
215,211
216,211
217,211
221,211
222,211
223,211
224,211
230,211
231,211
232,211
233,211
234,211
235,211
236,211
239,211
243,211
263,211
266,211
267,211
270,211
271,211
273,211
275,211
277,211
282,211
283,211
286,211
295,211
304,211
306,211
310,211
206,212
207,212
208,212
209,212
211,212
213,212
214,212
215,212
216,212
217,212
219,212
223,212
226,212
230,212
231,212
232,212
234,212
235,212
237,212
239,212
241,212
242,212
262,212
266,212
267,212
268,212
269,212
270,212
271,212
276,212
279,212
281,212
282,212
283,212
285,212
208,213
211,213
214,213
215,213
227,213
232,213
242,213
265,213
285,213
207,214
208,214
211,214
212,214
213,214
217,214
219,214
225,214
226,214
227,214
241,214
266,214
267,214
270,214
271,214
273,214
279,214
285,214
206,215
208,215
211,215
212,215
213,215
216,215
219,215
220,215
222,215
223,215
230,215
231,215
232,215
234,215
235,215
236,215
238,215
239,215
242,215
243,215
244,215
256,215
264,215
265,215
266,215
269,215
270,215
271,215
272,215
273,215
275,215
276,215
277,215
281,215
282,215
283,215
285,215
287,215
295,215
306,215
97,216
127,216
133,216
163,216
205,216
206,216
208,216
211,216
212,216
215,216
217,216
219,216
220,216
222,216
223,216
226,216
230,216
231,216
232,216
233,216
234,216
235,216
236,216
239,216
241,216
243,216
265,216
266,216
267,216
268,216
269,216
271,216
273,216
275,216
276,216
279,216
280,216
281,216
282,216
283,216
285,216
295,216
207,217
208,217
211,217
212,217
215,217
216,217
219,217
220,217
223,217
226,217
230,217
232,217
234,217
235,217
236,217
241,217
243,217
249,217
254,217
255,217
256,217
262,217
264,217
266,217
267,217
268,217
269,217
271,217
272,217
275,217
276,217
277,217
279,217
281,217
282,217
283,217
285,217
287,217
288,217
292,217
298,217
304,217
355,217
202,218
208,218
212,218
215,218
219,218
220,218
222,218
223,218
224,218
226,218
236,218
238,218
242,218
266,218
270,218
271,218
272,218
273,218
276,218
281,218
206,219
211,219
212,219
214,219
215,219
216,219
217,219
220,219
222,219
223,219
225,219
226,219
230,219
232,219
234,219
235,219
236,219
239,219
241,219
249,219
256,219
269,219
270,219
271,219
272,219
273,219
275,219
276,219
279,219
281,219
283,219
285,219
310,219
208,220
211,220
215,220
216,220
217,220
219,220
222,220
223,220
225,220
226,220
230,220
232,220
235,220
236,220
239,220
242,220
243,220
265,220
266,220
267,220
269,220
271,220
272,220
276,220
277,220
280,220
281,220
282,220
289,220
208,221
211,221
219,221
222,221
226,221
230,221
232,221
233,221
234,221
239,221
241,221
242,221
270,221
272,221
273,221
275,221
295,221
206,222
207,222
210,222
211,222
215,222
216,222
218,222
219,222
223,222
232,222
234,222
235,222
236,222
238,222
239,222
241,222
243,222
256,222
265,222
269,222
270,222
271,222
275,222
276,222
285,222
308,222
206,223
207,223
211,223
212,223
215,223
216,223
219,223
220,223
222,223
225,223
230,223
231,223
232,223
233,223
235,223
236,223
237,223
239,223
247,223
256,223
266,223
269,223
270,223
271,223
272,223
275,223
276,223
277,223
281,223
283,223
304,223
308,223
207,224
208,224
211,224
216,224
219,224
222,224
231,224
241,224
242,224
266,224
269,224
271,224
275,224
278,224
201,225
211,225
215,225
216,225
219,225
220,225
222,225
223,225
230,225
232,225
233,225
234,225
235,225
239,225
241,225
254,225
266,225
271,225
279,225
286,225
206,226
208,226
211,226
215,226
216,226
218,226
219,226
222,226
223,226
231,226
232,226
233,226
235,226
236,226
238,226
241,226
243,226
265,226
266,226
270,226
271,226
285,226
206,227
207,227
208,227
211,227
213,227
214,227
216,227
219,227
223,227
229,227
234,227
247,227
269,227
273,227
274,227
279,227
285,227
217,228
223,228
227,228
229,228
241,228
271,228
273,228
274,228
275,228
286,228
88,229
108,229
151,229
205,229
216,229
223,229
227,229
234,229
241,229
249,229
250,229
251,229
252,229
258,229
272,229
273,229
274,229
298,229
304,229
400,229
20,230
127,230
206,230
207,230
210,230
211,230
212,230
215,230
216,230
217,230
219,230
220,230
223,230
226,230
231,230
232,230
234,230
235,230
236,230
239,230
241,230
242,230
243,230
246,230
254,230
261,230
262,230
264,230
265,230
266,230
269,230
272,230
273,230
275,230
276,230
278,230
279,230
281,230
282,230
283,230
287,230
289,230
295,230
301,230
461,230
205,231
211,231
216,231
219,231
222,231
223,231
230,231
232,231
234,231
236,231
239,231
241,231
242,231
243,231
247,231
265,231
268,231
269,231
275,231
276,231
277,231
287,231
310,231
207,232
208,232
210,232
211,232
212,232
215,232
216,232
217,232
219,232
222,232
223,232
229,232
230,232
235,232
236,232
239,232
242,232
243,232
262,232
264,232
265,232
266,232
269,232
271,232
272,232
275,232
276,232
277,232
278,232
280,232
281,232
282,232
283,232
286,232
287,232
289,232
206,233
211,233
215,233
216,233
223,233
226,233
235,233
236,233
242,233
243,233
246,233
269,233
275,233
276,233
278,233
279,233
280,233
207,234
208,234
211,234
215,234
216,234
219,234
220,234
222,234
223,234
231,234
233,234
235,234
236,234
239,234
241,234
242,234
248,234
256,234
266,234
267,234
269,234
275,234
276,234
277,234
278,234
279,234
285,234
310,234
207,235
208,235
210,235
211,235
215,235
216,235
217,235
220,235
222,235
223,235
225,235
230,235
232,235
233,235
234,235
236,235
237,235
239,235
243,235
246,235
249,235
256,235
265,235
266,235
269,235
272,235
275,235
276,235
277,235
278,235
281,235
282,235
283,235
298,235
205,236
207,236
211,236
215,236
216,236
217,236
219,236
220,236
222,236
223,236
226,236
230,236
232,236
233,236
235,236
239,236
243,236
264,236
266,236
269,236
271,236
272,236
275,236
276,236
277,236
278,236
279,236
280,236
281,236
282,236
283,236
287,236
295,236
211,237
212,237
215,237
216,237
222,237
223,237
232,237
235,237
241,237
275,237
276,237
277,237
278,237
304,237
211,238
212,238
215,238
219,238
222,238
232,238
236,238
239,238
243,238
247,238
248,238
264,238
273,238
278,238
281,238
285,238
211,239
212,239
215,239
216,239
219,239
220,239
221,239
222,239
223,239
226,239
232,239
233,239
234,239
235,239
236,239
238,239
241,239
242,239
243,239
246,239
247,239
265,239
267,239
271,239
272,239
273,239
275,239
276,239
277,239
280,239
281,239
282,239
283,239
285,239
295,239
301,239
220,240
233,240
239,240
280,240
281,240
285,240
203,241
204,241
205,241
206,241
207,241
208,241
209,241
210,241
211,241
212,241
214,241
215,241
216,241
217,241
218,241
219,241
220,241
221,241
222,241
223,241
224,241
225,241
226,241
227,241
229,241
230,241
231,241
232,241
233,241
234,241
235,241
236,241
238,241
239,241
240,241
242,241
243,241
244,241
246,241
247,241
248,241
252,241
254,241
256,241
257,241
263,241
265,241
266,241
269,241
271,241
272,241
275,241
276,241
277,241
278,241
279,241
280,241
281,241
282,241
283,241
284,241
285,241
298,241
304,241
310,241
204,242
207,242
209,242
210,242
211,242
212,242
213,242
214,242
215,242
216,242
219,242
220,242
223,242
224,242
225,242
230,242
231,242
232,242
233,242
234,242
238,242
239,242
240,242
243,242
256,242
266,242
269,242
273,242
281,242
282,242
285,242
206,243
208,243
211,243
215,243
216,243
219,243
223,243
230,243
231,243
232,243
234,243
235,243
236,243
238,243
241,243
242,243
248,243
251,243
259,243
266,243
269,243
273,243
280,243
281,243
285,243
304,243
306,243
211,244
215,244
219,244
222,244
230,244
232,244
236,244
239,244
243,244
247,244
248,244
266,244
267,244
275,244
276,244
287,244
289,244
292,244
208,245
211,245
222,245
283,245
285,245
292,245
208,246
211,246
216,246
219,246
222,246
223,246
231,246
232,246
234,246
239,246
241,246
248,246
271,246
284,246
292,246
207,247
208,247
211,247
217,247
219,247
222,247
223,247
231,247
232,247
234,247
235,247
239,247
241,247
246,247
248,247
249,247
271,247
283,247
286,247
292,247
208,248
211,248
222,248
230,248
231,248
232,248
244,248
246,248
247,248
249,248
275,248
280,248
282,248
286,248
287,248
217,249
229,249
235,249
248,249
251,249
252,249
288,249
292,249
298,249
299,249
305,249
205,250
229,250
242,250
251,250
252,250
286,250
216,251
229,251
249,251
250,251
286,251
304,251
249,252
271,252
216,253
235,253
249,253
251,253
304,253
305,253
205,254
212,254
217,254
220,254
222,254
232,254
247,254
269,254
272,254
280,254
282,254
310,254
248,255
287,255
292,255
295,255
206,256
208,256
211,256
212,256
214,256
215,256
216,256
217,256
219,256
229,256
231,256
234,256
235,256
236,256
238,256
241,256
242,256
243,256
258,256
259,256
271,256
277,256
282,256
285,256
295,256
298,256
301,256
304,256
310,256
208,257
211,257
217,257
223,257
241,257
256,257
258,257
260,257
300,258
208,259
211,259
212,259
217,259
225,259
235,259
256,259
258,259
263,259
266,259
271,259
272,259
281,259
286,259
289,259
295,259
301,259
203,260
211,260
261,260
276,260
286,260
297,260
203,261
211,261
222,261
236,261
262,261
263,261
265,261
266,261
269,261
271,261
272,261
273,261
274,261
275,261
276,261
277,261
278,261
281,261
282,261
284,261
287,261
289,261
206,262
211,262
230,262
231,262
232,262
234,262
237,262
261,262
265,262
266,262
269,262
271,262
272,262
275,262
276,262
277,262
281,262
282,262
284,262
285,262
287,262
202,263
204,263
205,263
206,263
208,263
211,263
212,263
216,263
219,263
222,263
236,263
261,263
262,263
266,263
267,263
270,263
271,263
272,263
275,263
276,263
277,263
278,263
279,263
281,263
282,263
284,263
295,263
207,264
208,264
209,264
210,264
211,264
212,264
214,264
215,264
216,264
217,264
226,264
229,264
230,264
232,264
236,264
261,264
262,264
265,264
266,264
267,264
268,264
269,264
271,264
272,264
275,264
276,264
278,264
279,264
280,264
281,264
282,264
283,264
285,264
287,264
295,264
10,265
39,265
170,265
211,265
213,265
215,265
216,265
217,265
219,265
220,265
222,265
223,265
226,265
230,265
231,265
232,265
235,265
236,265
239,265
241,265
243,265
261,265
262,265
264,265
266,265
267,265
268,265
269,265
271,265
272,265
273,265
275,265
276,265
277,265
278,265
279,265
280,265
281,265
282,265
283,265
284,265
285,265
287,265
295,265
467,265
207,266
208,266
210,266
211,266
212,266
215,266
216,266
217,266
219,266
220,266
223,266
224,266
225,266
230,266
232,266
234,266
235,266
236,266
242,266
243,266
261,266
262,266
264,266
265,266
267,266
269,266
271,266
272,266
275,266
276,266
277,266
279,266
280,266
281,266
282,266
283,266
284,266
285,266
286,266
287,266
295,266
297,266
298,266
302,266
310,266
384,266
207,267
208,267
210,267
211,267
212,267
214,267
217,267
219,267
220,267
232,267
239,267
264,267
266,267
268,267
269,267
271,267
276,267
277,267
278,267
279,267
280,267
281,267
284,267
285,267
289,267
301,267
207,268
208,268
209,268
210,268
211,268
212,268
215,268
216,268
217,268
231,268
232,268
236,268
267,268
269,268
271,268
276,268
281,268
285,268
127,269
163,269
206,269
211,269
212,269
215,269
216,269
217,269
219,269
220,269
222,269
223,269
224,269
230,269
231,269
232,269
234,269
235,269
236,269
243,269
260,269
261,269
262,269
264,269
265,269
266,269
268,269
271,269
272,269
273,269
275,269
276,269
279,269
280,269
281,269
282,269
283,269
285,269
287,269
295,269
301,269
302,269
310,269
322,269
341,269
208,270
211,270
212,270
216,270
218,270
219,270
223,270
226,270
230,270
232,270
233,270
235,270
243,270
266,270
267,270
271,270
272,270
273,270
275,270
276,270
278,270
279,270
280,270
281,270
286,270
289,270
211,271
212,271
216,271
217,271
218,271
219,271
220,271
223,271
226,271
232,271
233,271
235,271
239,271
261,271
262,271
266,271
267,271
269,271
270,271
273,271
274,271
275,271
276,271
277,271
278,271
279,271
281,271
282,271
285,271
286,271
289,271
295,271
299,271
302,271
211,272
215,272
216,272
217,272
219,272
220,272
221,272
223,272
229,272
230,272
231,272
232,272
234,272
235,272
236,272
237,272
242,272
262,272
264,272
265,272
266,272
269,272
271,272
273,272
275,272
276,272
277,272
278,272
279,272
280,272
281,272
282,272
283,272
284,272
285,272
286,272
287,272
295,272
208,273
211,273
215,273
216,273
219,273
220,273
221,273
227,273
229,273
234,273
236,273
239,273
242,273
243,273
256,273
262,273
265,273
266,273
267,273
269,273
271,273
272,273
274,273
275,273
277,273
278,273
279,273
281,273
282,273
285,273
296,273
298,273
227,274
228,274
229,274
273,274
298,274
300,274
208,275
211,275
212,275
215,275
216,275
217,275
219,275
221,275
222,275
223,275
224,275
226,275
230,275
231,275
232,275
233,275
234,275
236,275
239,275
243,275
248,275
261,275
262,275
263,275
265,275
266,275
267,275
268,275
269,275
270,275
271,275
272,275
276,275
277,275
278,275
280,275
281,275
282,275
283,275
284,275
285,275
286,275
287,275
289,275
295,275
298,275
60,276
202,276
206,276
207,276
208,276
211,276
215,276
216,276
217,276
218,276
219,276
220,276
222,276
223,276
230,276
231,276
232,276
233,276
234,276
235,276
236,276
238,276
239,276
243,276
244,276
248,276
260,276
261,276
262,276
263,276
264,276
265,276
266,276
267,276
268,276
269,276
270,276
271,276
272,276
273,276
275,276
277,276
278,276
279,276
280,276
281,276
282,276
283,276
284,276
285,276
286,276
287,276
289,276
295,276
301,276
304,276
310,276
208,277
211,277
212,277
215,277
216,277
217,277
220,277
222,277
223,277
225,277
230,277
232,277
234,277
235,277
236,277
237,277
239,277
256,277
260,277
266,277
267,277
269,277
271,277
272,277
273,277
275,277
276,277
278,277
279,277
280,277
281,277
282,277
283,277
284,277
285,277
286,277
287,277
295,277
298,277
300,277
211,278
219,278
232,278
233,278
235,278
236,278
238,278
266,278
270,278
271,278
273,278
276,278
277,278
280,278
281,278
282,278
284,278
285,278
296,278
297,278
205,279
211,279
212,279
215,279
216,279
219,279
220,279
223,279
225,279
226,279
232,279
233,279
234,279
235,279
236,279
239,279
243,279
256,279
261,279
262,279
265,279
266,279
267,279
269,279
271,279
272,279
273,279
274,279
275,279
276,279
277,279
278,279
280,279
281,279
282,279
283,279
284,279
285,279
286,279
295,279
299,279
301,279
215,280
216,280
217,280
220,280
223,280
227,280
229,280
230,280
231,280
232,280
233,280
235,280
236,280
239,280
242,280
264,280
266,280
269,280
271,280
272,280
275,280
276,280
278,280
279,280
281,280
282,280
283,280
287,280
295,280
207,281
208,281
211,281
212,281
215,281
216,281
217,281
219,281
220,281
223,281
226,281
232,281
235,281
236,281
238,281
240,281
242,281
243,281
265,281
266,281
267,281
269,281
271,281
276,281
278,281
279,281
282,281
283,281
284,281
285,281
286,281
295,281
296,281
211,282
215,282
216,282
217,282
219,282
220,282
222,282
224,282
225,282
230,282
232,282
233,282
235,282
236,282
238,282
239,282
241,282
242,282
243,282
248,282
256,282
262,282
264,282
265,282
266,282
269,282
271,282
272,282
273,282
275,282
276,282
277,282
278,282
279,282
280,282
281,282
283,282
284,282
285,282
286,282
287,282
292,282
295,282
296,282
298,282
431,282
10,283
212,283
215,283
216,283
217,283
219,283
220,283
223,283
230,283
231,283
235,283
236,283
238,283
239,283
242,283
243,283
248,283
261,283
262,283
264,283
265,283
266,283
269,283
272,283
275,283
276,283
280,283
281,283
282,283
284,283
285,283
286,283
287,283
295,283
322,283
78,284
205,284
206,284
211,284
215,284
216,284
217,284
219,284
220,284
222,284
223,284
225,284
226,284
227,284
229,284
230,284
231,284
232,284
235,284
236,284
238,284
239,284
241,284
242,284
244,284
245,284
247,284
248,284
256,284
260,284
261,284
262,284
263,284
264,284
265,284
266,284
267,284
268,284
269,284
270,284
271,284
272,284
273,284
275,284
276,284
277,284
278,284
279,284
280,284
281,284
282,284
283,284
285,284
286,284
287,284
292,284
295,284
298,284
300,284
301,284
304,284
309,284
208,285
211,285
212,285
213,285
214,285
215,285
216,285
217,285
219,285
220,285
222,285
223,285
224,285
225,285
226,285
227,285
230,285
231,285
232,285
233,285
234,285
235,285
236,285
238,285
239,285
240,285
241,285
242,285
243,285
245,285
256,285
261,285
263,285
264,285
265,285
266,285
267,285
268,285
269,285
270,285
271,285
272,285
273,285
274,285
275,285
276,285
277,285
278,285
279,285
280,285
281,285
282,285
283,285
284,285
287,285
292,285
295,285
299,285
208,286
211,286
215,286
216,286
223,286
235,286
236,286
248,286
250,286
251,286
260,286
265,286
266,286
271,286
276,286
281,286
282,286
287,286
301,286
104,287
206,287
211,287
213,287
215,287
217,287
223,287
230,287
232,287
235,287
236,287
243,287
244,287
248,287
250,287
252,287
255,287
260,287
261,287
262,287
266,287
269,287
270,287
271,287
272,287
273,287
275,287
276,287
277,287
278,287
281,287
282,287
283,287
284,287
285,287
286,287
289,287
292,287
295,287
297,287
298,287
301,287
211,288
236,288
249,288
252,288
281,288
284,288
287,288
292,288
293,288
296,288
297,288
298,288
299,288
300,288
304,288
305,288
211,289
215,289
216,289
220,289
223,289
230,289
232,289
236,289
244,289
254,289
264,289
266,289
269,289
272,289
276,289
281,289
283,289
285,289
295,289
306,289
219,290
251,290
260,290
292,290
297,290
299,290
300,290
304,290
261,291
271,291
274,291
284,291
296,291
297,291
298,291
299,291
303,291
304,291
305,291
211,292
223,292
250,292
253,292
255,292
262,292
271,292
287,292
288,292
297,292
298,292
300,292
303,292
231,293
261,293
262,293
265,293
266,293
269,293
272,293
276,293
282,293
283,293
287,293
289,293
290,293
292,293
294,293
295,293
296,293
297,293
298,293
300,293
260,294
266,294
270,294
271,294
272,294
290,294
298,294
299,294
306,294
211,295
215,295
216,295
217,295
230,295
235,295
236,295
259,295
261,295
264,295
265,295
266,295
269,295
271,295
272,295
275,295
276,295
277,295
278,295
280,295
281,295
282,295
283,295
287,295
306,295
307,295
308,295
211,296
235,296
251,296
266,296
271,296
278,296
298,296
260,297
266,297
278,297
287,297
296,297
300,297
223,298
229,298
235,298
249,298
266,298
271,298
281,298
296,298
297,298
300,298
304,298
305,298
235,299
249,299
266,299
297,299
298,299
300,299
229,300
239,300
249,300
252,300
258,300
260,300
271,300
274,300
284,300
292,300
293,300
296,300
297,300
298,300
299,300
304,300
305,300
203,301
206,301
208,301
211,301
216,301
232,301
235,301
239,301
256,301
257,301
258,301
259,301
261,301
263,301
266,301
267,301
269,301
271,301
272,301
276,301
277,301
278,301
279,301
281,301
282,301
285,301
286,301
295,301
306,301
308,301
309,301
310,301
211,302
222,302
241,302
266,302
269,302
298,302
310,302
251,303
276,303
292,303
304,303
251,304
291,304
296,304
298,304
205,305
220,305
229,305
241,305
249,305
250,305
251,305
252,305
253,305
254,305
258,305
281,305
292,305
293,305
296,305
298,305
300,305
304,305
206,306
208,306
211,306
212,306
223,306
231,306
232,306
236,306
243,306
247,306
270,306
289,306
298,306
302,306
304,306
307,306
208,307
234,307
241,307
277,307
295,307
298,307
306,307
308,307
211,308
212,308
215,308
216,308
219,308
222,308
232,308
234,308
235,308
281,308
295,308
301,308
304,308
307,308
211,309
222,309
286,309
287,309
295,309
307,309
308,309
208,310
211,310
219,310
222,310
231,310
233,310
234,310
236,310
241,310
244,310
246,310
254,310
266,310
271,310
277,310
282,310
295,310
297,310
301,310
312,311
323,311
330,311
341,311
311,312
313,312
317,312
321,312
322,312
323,312
324,312
325,312
326,312
327,312
328,312
330,312
341,312
351,312
354,312
356,312
357,312
359,312
361,312
364,312
374,312
378,312
311,313
312,313
317,313
322,313
326,313
330,313
340,313
341,313
357,313
359,313
361,313
372,313
375,313
380,313
323,314
325,314
357,314
372,314
316,315
319,315
320,315
321,315
322,315
325,315
351,315
354,315
357,315
359,315
363,315
373,315
387,315
388,315
311,316
312,316
315,316
325,316
333,316
387,316
269,317
283,317
312,317
322,317
323,317
330,317
341,317
348,317
351,317
355,317
359,317
364,317
333,318
341,318
343,318
351,318
354,318
357,318
358,318
361,318
363,318
372,318
204,319
313,319
315,319
321,319
323,319
325,319
333,319
341,319
350,319
351,319
364,319
387,319
388,319
315,320
317,320
319,320
321,320
322,320
323,320
325,320
326,320
329,320
357,320
359,320
363,320
364,320
387,320
388,320
312,321
319,321
323,321
324,321
325,321
329,321
330,321
341,321
346,321
351,321
356,321
357,321
358,321
359,321
361,321
364,321
366,321
367,321
388,321
389,321
20,322
206,322
230,322
269,322
312,322
313,322
315,322
317,322
319,322
323,322
341,322
348,322
351,322
354,322
355,322
357,322
358,322
359,322
364,322
384,322
388,322
312,323
315,323
317,323
322,323
329,323
354,323
355,323
357,323
359,323
383,323
384,323
388,323
312,324
350,324
372,324
383,324
389,324
311,325
312,325
313,325
315,325
316,325
319,325
321,325
323,325
326,325
328,325
333,325
343,325
350,325
351,325
353,325
354,325
356,325
357,325
358,325
359,325
364,325
374,325
381,325
387,325
388,325
390,325
313,326
323,326
325,326
327,326
330,326
332,326
340,326
341,326
361,326
370,326
372,326
382,326
311,327
312,327
313,327
314,327
324,327
326,327
356,327
357,327
361,327
362,327
385,327
313,328
325,328
330,328
359,328
362,328
372,328
375,328
312,329
317,329
321,329
322,329
323,329
325,329
328,329
330,329
347,329
352,329
356,329
357,329
358,329
359,329
361,329
364,329
368,329
373,329
312,330
313,330
317,330
326,330
331,330
332,330
336,330
340,330
341,330
346,330
350,330
357,330
360,330
361,330
362,330
363,330
313,331
328,331
330,331
332,331
334,331
336,331
350,331
357,331
359,331
361,331
362,331
369,331
372,331
378,331
388,331
313,332
326,332
330,332
331,332
334,332
336,332
340,332
350,332
361,332
362,332
372,332
385,332
325,333
361,333
363,333
370,333
374,333
313,334
326,334
330,334
331,334
332,334
335,334
350,334
351,334
354,334
359,334
361,334
362,334
371,334
378,334
166,335
313,335
332,335
341,335
350,335
351,335
354,335
359,335
361,335
362,335
372,335
373,335
313,336
326,336
330,336
331,336
332,336
335,336
360,336
361,336
362,336
372,336
354,337
339,338
371,338
375,338
333,339
338,339
341,339
371,339
326,340
332,340
361,340
372,340
311,341
312,341
313,341
317,341
322,341
325,341
326,341
330,341
335,341
337,341
343,341
351,341
353,341
354,341
355,341
356,341
357,341
358,341
359,341
361,341
372,341
374,341
318,342
325,342
341,342
343,342
372,342
374,342
311,343
317,343
341,343
342,343
348,343
351,343
354,343
355,343
358,343
359,343
374,343
312,344
325,344
328,344
333,344
351,344
356,344
357,344
359,344
368,344
369,344
317,345
321,345
333,345
346,345
347,345
356,345
359,345
369,345
374,345
313,346
331,346
351,346
361,346
372,346
339,347
317,348
335,348
354,348
366,348
319,349
325,349
351,349
354,349
356,349
359,349
363,349
367,349
313,350
325,350
331,350
332,350
335,350
361,350
362,350
372,350
311,351
312,351
317,351
321,351
322,351
323,351
325,351
334,351
337,351
341,351
354,351
356,351
357,351
358,351
359,351
364,351
367,351
312,352
324,352
325,352
333,352
353,352
356,352
357,352
359,352
363,352
367,352
98,353
231,353
315,353
317,353
325,353
329,353
343,353
352,353
354,353
356,353
357,353
358,353
359,353
363,353
365,353
366,353
388,353
10,354
21,354
78,354
98,354
126,354
166,354
167,354
216,354
231,354
312,354
317,354
322,354
323,354
335,354
337,354
343,354
351,354
355,354
356,354
357,354
358,354
364,354
366,354
373,354
388,354
317,355
322,355
323,355
341,355
348,355
351,355
354,355
358,355
364,355
312,356
353,356
357,356
359,356
367,356
311,357
312,357
313,357
315,357
318,357
319,357
321,357
322,357
323,357
325,357
326,357
328,357
329,357
330,357
331,357
337,357
339,357
341,357
343,357
346,357
348,357
350,357
351,357
352,357
353,357
354,357
356,357
358,357
359,357
361,357
363,357
364,357
366,357
367,357
369,357
370,357
388,357
390,357
364,358
366,358
311,359
312,359
313,359
317,359
319,359
322,359
323,359
325,359
326,359
328,359
329,359
330,359
331,359
341,359
343,359
347,359
349,359
351,359
352,359
353,359
354,359
356,359
357,359
358,359
363,359
364,359
366,359
367,359
369,359
388,359
464,359
330,360
313,361
326,361
328,361
330,361
331,361
332,361
334,361
335,361
336,361
340,361
350,361
351,361
354,361
357,361
362,361
370,361
372,361
378,361
381,361
382,361
386,361
390,361
313,362
328,362
330,362
331,362
332,362
334,362
340,362
350,362
361,362
315,363
329,363
330,363
333,363
346,363
351,363
352,363
356,363
357,363
358,363
359,363
366,363
312,364
315,364
319,364
325,364
343,364
353,364
354,364
357,364
358,364
359,364
365,364
366,364
367,364
368,364
370,364
372,364
373,364
374,364
375,364
388,364
353,365
356,365
364,365
366,365
367,365
368,365
371,365
374,365
375,365
321,366
329,366
345,366
348,366
353,366
357,366
358,366
359,366
363,366
364,366
365,366
367,366
368,366
369,366
370,366
372,366
374,366
376,366
382,366
387,366
388,366
323,367
326,367
335,367
351,367
353,367
356,367
357,367
359,367
361,367
364,367
365,367
366,367
368,367
372,367
374,367
375,367
382,367
387,367
388,367
390,367
315,368
329,368
344,368
358,368
364,368
366,368
367,368
372,368
374,368
375,368
377,368
388,368
331,369
345,369
357,369
359,369
364,369
365,369
366,369
372,369
374,369
380,369
388,369
313,370
326,370
330,370
361,370
362,370
371,370
372,370
375,370
381,370
382,370
391,370
330,371
361,371
370,371
374,371
375,371
377,371
379,371
380,371
381,371
382,371
385,371
390,371
391,371
313,372
326,372
335,372
340,372
341,372
361,372
362,372
364,372
366,372
367,372
368,372
370,372
374,372
375,372
378,372
380,372
381,372
382,372
385,372
386,372
390,372
391,372
335,373
354,373
385,373
312,374
325,374
326,374
330,374
333,374
341,374
343,374
364,374
366,374
367,374
368,374
369,374
370,374
371,374
372,374
378,374
381,374
386,374
388,374
389,374
313,375
325,375
331,375
359,375
364,375
367,375
370,375
371,375
372,375
377,375
378,375
379,375
380,375
381,375
382,375
385,375
386,375
388,375
389,375
390,375
312,376
357,376
364,376
366,376
367,376
368,376
372,376
374,376
375,376
385,376
387,376
388,376
389,376
341,377
359,377
368,377
370,377
371,377
372,377
373,377
375,377
378,377
379,377
381,377
382,377
385,377
388,377
391,377
312,378
325,378
331,378
334,378
354,378
361,378
364,378
366,378
368,378
370,378
371,378
372,378
374,378
379,378
380,378
381,378
382,378
385,378
386,378
387,378
390,378
391,378
330,379
371,379
372,379
375,379
380,379
381,379
382,379
388,379
391,379
361,380
370,380
371,380
372,380
375,380
378,380
379,380
381,380
382,380
389,380
390,380
313,381
330,381
331,381
334,381
335,381
340,381
346,381
354,381
361,381
362,381
365,381
370,381
371,381
372,381
374,381
375,381
377,381
378,381
379,381
380,381
382,381
385,381
386,381
388,381
390,381
391,381
313,382
324,382
326,382
330,382
332,382
340,382
361,382
362,382
370,382
371,382
372,382
378,382
380,382
381,382
386,382
389,382
391,382
323,383
366,383
384,383
387,383
388,383
311,384
322,384
323,384
355,384
359,384
364,384
366,384
383,384
388,384
313,385
319,385
326,385
328,385
332,385
359,385
361,385
368,385
370,385
371,385
372,385
375,385
377,385
378,385
381,385
382,385
386,385
390,385
391,385
326,386
370,386
372,386
374,386
375,386
381,386
315,387
316,387
319,387
323,387
325,387
364,387
367,387
370,387
372,387
373,387
374,387
388,387
389,387
391,387
315,388
319,388
320,388
321,388
322,388
323,388
325,388
326,388
330,388
331,388
341,388
348,388
354,388
357,388
359,388
361,388
364,388
366,388
367,388
368,388
369,388
372,388
374,388
375,388
378,388
381,388
382,388
384,388
385,388
387,388
389,388
390,388
311,389
321,389
323,389
324,389
325,389
326,389
354,389
364,389
366,389
367,389
369,389
372,389
374,389
387,389
388,389
326,390
313,391
362,391
369,391
370,391
371,391
372,391
375,391
378,391
379,391
380,391
381,391
382,391
386,391
387,391
394,392
400,392
412,392
423,392
424,392
425,392
430,392
435,392
441,392
448,392
459,392
461,392
462,392
463,392
475,392
479,392
394,393
398,393
399,393
400,393
401,393
408,393
412,393
415,393
416,393
420,393
423,393
424,393
425,393
429,393
432,393
433,393
434,393
435,393
440,393
441,393
442,393
444,393
445,393
448,393
459,393
461,393
463,393
467,393
470,393
475,393
479,393
392,394
393,394
395,394
399,394
401,394
405,394
407,394
408,394
410,394
412,394
415,394
423,394
424,394
425,394
430,394
432,394
433,394
434,394
435,394
436,394
437,394
438,394
440,394
445,394
446,394
448,394
455,394
458,394
461,394
463,394
475,394
486,394
393,395
400,395
408,395
412,395
416,395
427,395
430,395
438,395
445,395
456,395
459,395
475,395
477,395
392,396
394,396
400,396
408,396
423,396
425,396
427,396
455,396
462,396
463,396
476,396
396,397
427,397
444,397
445,397
446,397
448,397
463,397
393,398
400,398
401,398
424,398
432,398
448,398
461,398
463,398
473,398
393,399
394,399
407,399
408,399
412,399
419,399
424,399
434,399
441,399
448,399
460,399
461,399
462,399
463,399
466,399
479,399
489,399
490,399
493,399
392,400
394,400
401,400
412,400
415,400
419,400
423,400
424,400
425,400
433,400
435,400
441,400
442,400
445,400
448,400
453,400
459,400
461,400
463,400
467,400
478,400
479,400
481,400
484,400
495,400
392,401
393,401
394,401
395,401
398,401
399,401
400,401
405,401
407,401
408,401
410,401
411,401
412,401
415,401
416,401
417,401
418,401
419,401
420,401
423,401
424,401
425,401
427,401
430,401
431,401
432,401
433,401
434,401
435,401
437,401
439,401
440,401
441,401
443,401
445,401
446,401
448,401
450,401
455,401
456,401
459,401
460,401
461,401
462,401
463,401
465,401
470,401
471,401
473,401
474,401
477,401
479,401
483,401
488,401
490,401
492,401
398,402
401,402
404,402
416,402
443,402
446,402
448,402
461,402
470,402
488,402
392,403
394,403
406,403
407,403
408,403
435,403
439,403
443,403
444,403
448,403
455,403
461,403
463,403
470,403
480,403
432,404
451,404
454,404
464,404
470,404
473,404
474,404
477,404
482,404
394,405
396,405
398,405
400,405
401,405
407,405
408,405
423,405
424,405
425,405
428,405
435,405
436,405
438,405
439,405
441,405
448,405
453,405
454,405
455,405
462,405
463,405
478,405
479,405
483,405
486,405
400,406
407,406
408,406
412,406
440,406
443,406
445,406
448,406
455,406
461,406
463,406
479,406
480,406
392,407
394,407
400,407
401,407
408,407
409,407
412,407
415,407
416,407
418,407
424,407
425,407
430,407
431,407
432,407
433,407
434,407
435,407
437,407
441,407
444,407
446,407
453,407
454,407
455,407
456,407
460,407
461,407
463,407
465,407
471,407
481,407
487,407
488,407
492,407
393,408
394,408
395,408
396,408
400,408
401,408
406,408
407,408
410,408
412,408
415,408
417,408
418,408
419,408
420,408
423,408
424,408
430,408
433,408
434,408
440,408
441,408
445,408
446,408
448,408
450,408
453,408
461,408
463,408
467,408
479,408
407,409
412,409
416,409
433,409
445,409
446,409
449,409
455,409
488,409
392,410
401,410
407,410
408,410
411,410
412,410
413,410
423,410
425,410
433,410
444,410
445,410
446,410
448,410
449,410
454,410
455,410
456,410
462,410
463,410
470,410
491,410
407,411
412,411
416,411
417,411
419,411
423,411
430,411
432,411
433,411
434,411
445,411
446,411
449,411
454,411
455,411
459,411
460,411
467,411
470,411
471,411
473,411
392,412
393,412
394,412
395,412
399,412
400,412
401,412
406,412
407,412
408,412
409,412
410,412
411,412
415,412
416,412
419,412
424,412
425,412
430,412
431,412
432,412
433,412
434,412
435,412
440,412
441,412
443,412
445,412
446,412
448,412
454,412
455,412
458,412
459,412
460,412
461,412
463,412
464,412
466,412
467,412
469,412
470,412
473,412
477,412
479,412
482,412
491,412
492,412
493,412
495,412
407,413
410,413
412,413
416,413
430,413
446,413
449,413
456,413
470,413
415,414
416,414
418,414
419,414
433,414
446,414
459,414
460,414
464,414
466,414
473,414
483,414
393,415
395,415
400,415
401,415
407,415
408,415
412,415
414,415
416,415
417,415
418,415
419,415
423,415
424,415
427,415
430,415
431,415
432,415
433,415
434,415
437,415
439,415
440,415
441,415
443,415
444,415
445,415
446,415
447,415
448,415
449,415
452,415
454,415
455,415
458,415
459,415
460,415
461,415
463,415
464,415
465,415
466,415
467,415
469,415
470,415
473,415
477,415
479,415
483,415
486,415
488,415
492,415
493,415
393,416
404,416
408,416
412,416
414,416
415,416
417,416
418,416
419,416
425,416
430,416
431,416
432,416
433,416
446,416
447,416
448,416
449,416
454,416
455,416
459,416
460,416
464,416
465,416
466,416
467,416
470,416
471,416
473,416
477,416
483,416
488,416
492,416
78,417
394,417
407,417
408,417
409,417
412,417
414,417
415,417
416,417
418,417
419,417
423,417
430,417
431,417
432,417
435,417
446,417
448,417
449,417
452,417
454,417
455,417
456,417
459,417
460,417
464,417
466,417
467,417
471,417
473,417
477,417
483,417
492,417
392,418
401,418
407,418
408,418
412,418
414,418
415,418
416,418
417,418
419,418
431,418
432,418
433,418
434,418
437,418
442,418
444,418
445,418
446,418
448,418
449,418
454,418
455,418
460,418
466,418
470,418
471,418
473,418
483,418
488,418
393,419
400,419
401,419
407,419
412,419
414,419
415,419
417,419
420,419
430,419
432,419
433,419
441,419
446,419
447,419
448,419
449,419
453,419
454,419
455,419
459,419
460,419
464,419
466,419
467,419
484,419
488,419
492,419
493,419
401,420
408,420
412,420
419,420
434,420
438,420
441,420
445,420
448,420
455,420
400,421
407,421
408,421
418,421
422,421
423,421
424,421
438,421
441,421
446,421
448,421
453,421
394,422
407,422
410,422
415,422
421,422
428,422
435,422
448,422
453,422
461,422
463,422
481,422
392,423
393,423
394,423
400,423
405,423
408,423
412,423
424,423
425,423
426,423
433,423
435,423
441,423
448,423
453,423
456,423
461,423
462,423
463,423
479,423
392,424
393,424
394,424
398,424
399,424
400,424
401,424
406,424
407,424
408,424
412,424
415,424
417,424
420,424
423,424
425,424
426,424
430,424
431,424
432,424
433,424
434,424
435,424
437,424
439,424
440,424
441,424
442,424
443,424
444,424
445,424
448,424
450,424
453,424
455,424
459,424
460,424
461,424
463,424
464,424
467,424
477,424
479,424
484,424
491,424
492,424
392,425
393,425
394,425
395,425
398,425
400,425
401,425
408,425
412,425
415,425
416,425
419,425
421,425
423,425
424,425
426,425
427,425
430,425
435,425
439,425
441,425
443,425
445,425
448,425
453,425
461,425
463,425
478,425
479,425
488,425
494,425
400,426
408,426
423,426
424,426
435,426
441,426
479,426
395,427
396,427
397,427
407,427
408,427
412,427
416,427
425,427
428,427
430,427
434,427
441,427
445,427
446,427
455,427
467,427
490,427
396,428
400,428
407,428
408,428
412,428
416,428
419,428
425,428
427,428
432,428
438,428
441,428
444,428
445,428
446,428
459,428
463,428
470,428
393,429
398,429
400,429
440,429
454,429
461,429
464,429
490,429
394,430
395,430
401,430
407,430
408,430
412,430
415,430
416,430
419,430
420,430
423,430
424,430
425,430
427,430
432,430
433,430
434,430
435,430
437,430
438,430
441,430
445,430
446,430
448,430
454,430
455,430
456,430
458,430
459,430
460,430
461,430
464,430
465,430
467,430
470,430
473,430
477,430
126,431
392,431
400,431
401,431
412,431
415,431
416,431
417,431
419,431
421,431
423,431
424,431
425,431
428,431
430,431
432,431
433,431
434,431
446,431
448,431
449,431
455,431
456,431
459,431
460,431
461,431
462,431
463,431
464,431
465,431
466,431
470,431
477,431
488,431
493,431
97,432
393,432
394,432
401,432
404,432
407,432
408,432
411,432
412,432
415,432
416,432
417,432
418,432
419,432
428,432
430,432
431,432
433,432
434,432
435,432
437,432
445,432
446,432
448,432
449,432
454,432
458,432
459,432
460,432
464,432
465,432
467,432
470,432
473,432
474,432
477,432
478,432
479,432
488,432
493,432
10,433
393,433
394,433
399,433
400,433
401,433
407,433
408,433
410,433
411,433
412,433
414,433
415,433
416,433
417,433
418,433
419,433
424,433
425,433
428,433
430,433
431,433
432,433
434,433
435,433
441,433
445,433
446,433
447,433
448,433
449,433
452,433
454,433
455,433
458,433
459,433
460,433
461,433
463,433
464,433
465,433
466,433
467,433
470,433
471,433
473,433
477,433
479,433
482,433
483,433
484,433
492,433
493,433
494,433
177,434
392,434
393,434
394,434
398,434
399,434
400,434
401,434
407,434
408,434
412,434
416,434
419,434
420,434
423,434
424,434
425,434
427,434
430,434
431,434
432,434
435,434
437,434
441,434
443,434
444,434
446,434
448,434
450,434
455,434
458,434
460,434
479,434
485,434
495,434
392,435
393,435
400,435
407,435
408,435
412,435
423,435
424,435
427,435
430,435
433,435
436,435
443,435
444,435
448,435
461,435
463,435
478,435
479,435
491,435
394,436
395,436
396,436
400,436
408,436
412,436
427,436
428,436
432,436
434,436
435,436
437,436
445,436
458,436
479,436
30,437
162,437
392,437
394,437
395,437
396,437
400,437
401,437
406,437
407,437
408,437
412,437
415,437
416,437
417,437
423,437
424,437
430,437
432,437
433,437
434,437
441,437
445,437
446,437
455,437
458,437
460,437
463,437
470,437
477,437
479,437
481,437
483,437
492,437
495,437
393,438
394,438
395,438
396,438
399,438
408,438
412,438
416,438
420,438
427,438
430,438
437,438
445,438
458,438
460,438
495,438
392,439
400,439
408,439
415,439
416,439
419,439
425,439
435,439
443,439
444,439
448,439
461,439
463,439
478,439
479,439
393,440
394,440
398,440
408,440
412,440
415,440
417,440
424,440
429,440
445,440
459,440
461,440
465,440
467,440
482,440
392,441
393,441
394,441
398,441
399,441
400,441
401,441
407,441
408,441
412,441
417,441
419,441
420,441
421,441
423,441
424,441
425,441
426,441
428,441
429,441
430,441
432,441
433,441
434,441
443,441
444,441
445,441
448,441
450,441
456,441
461,441
463,441
470,441
479,441
481,441
484,441
486,441
492,441
393,442
394,442
400,442
404,442
407,442
408,442
412,442
415,442
416,442
418,442
419,442
420,442
424,442
430,442
432,442
433,442
434,442
437,442
441,442
448,442
449,442
452,442
454,442
455,442
460,442
467,442
470,442
474,442
477,442
479,442
484,442
392,443
394,443
398,443
400,443
401,443
406,443
408,443
412,443
415,443
423,443
424,443
425,443
430,443
433,443
434,443
435,443
441,443
445,443
448,443
449,443
455,443
461,443
463,443
477,443
479,443
481,443
492,443
393,444
394,444
399,444
406,444
407,444
408,444
412,444
415,444
421,444
424,444
425,444
428,444
431,444
433,444
435,444
441,444
442,444
443,444
445,444
448,444
453,444
455,444
463,444
464,444
465,444
470,444
479,444
481,444
483,444
491,444
394,445
395,445
396,445
401,445
407,445
408,445
411,445
412,445
415,445
421,445
422,445
423,445
425,445
427,445
428,445
430,445
431,445
433,445
436,445
438,445
448,445
453,445
470,445
477,445
479,445
481,445
400,446
402,446
404,446
407,446
410,446
411,446
412,446
414,446
415,446
416,446
417,446
418,446
419,446
421,446
424,446
430,446
431,446
432,446
433,446
436,446
441,446
442,446
445,446
447,446
448,446
449,446
450,446
452,446
453,446
454,446
455,446
458,446
459,446
460,446
464,446
465,446
466,446
467,446
469,446
470,446
471,446
472,446
473,446
474,446
477,446
488,446
492,446
493,446
412,447
415,447
416,447
419,447
433,447
446,447
449,447
453,447
454,447
460,447
464,447
469,447
470,447
392,448
398,448
400,448
401,448
406,448
407,448
408,448
412,448
415,448
419,448
420,448
422,448
423,448
424,448
425,448
430,448
432,448
433,448
434,448
435,448
439,448
440,448
441,448
445,448
446,448
453,448
455,448
456,448
458,448
459,448
460,448
461,448
462,448
463,448
464,448
466,448
473,448
478,448
479,448
97,449
407,449
411,449
412,449
415,449
416,449
417,449
418,449
419,449
423,449
430,449
432,449
434,449
437,449
442,449
443,449
445,449
446,449
447,449
450,449
453,449
454,449
455,449
459,449
460,449
464,449
466,449
470,449
471,449
473,449
477,449
492,449
394,450
400,450
401,450
406,450
407,450
408,450
420,450
423,450
424,450
433,450
434,450
438,450
439,450
440,450
441,450
443,450
445,450
446,450
448,450
453,450
454,450
455,450
463,450
479,450
404,451
415,451
416,451
398,452
400,452
404,452
410,452
412,452
414,452
415,452
416,452
418,452
419,452
424,452
432,452
441,452
446,452
449,452
451,452
454,452
455,452
464,452
470,452
477,452
394,453
400,453
407,453
408,453
419,453
423,453
425,453
428,453
433,453
435,453
441,453
445,453
448,453
449,453
450,453
454,453
461,453
463,453
477,453
478,453
479,453
489,453
492,453
404,454
407,454
412,454
415,454
416,454
418,454
419,454
432,454
433,454
442,454
446,454
447,454
448,454
449,454
450,454
453,454
455,454
464,454
465,454
477,454
392,455
395,455
401,455
406,455
407,455
411,455
414,455
415,455
416,455
417,455
418,455
419,455
424,455
427,455
430,455
431,455
432,455
433,455
434,455
437,455
439,455
441,455
443,455
444,455
445,455
446,455
448,455
449,455
452,455
454,455
456,455
457,455
459,455
460,455
464,455
466,455
470,455
471,455
473,455
477,455
479,455
492,455
392,456
395,456
407,456
408,456
415,456
417,456
419,456
423,456
425,456
430,456
441,456
446,456
448,456
449,456
454,456
455,456
459,456
460,456
461,456
462,456
463,456
464,456
466,456
473,456
477,456
492,456
407,457
412,457
416,457
418,457
430,457
446,457
454,457
455,457
456,457
460,457
467,457
470,457
471,457
477,457
492,457
394,458
395,458
396,458
398,458
399,458
400,458
401,458
407,458
408,458
410,458
411,458
412,458
415,458
416,458
419,458
423,458
424,458
427,458
430,458
432,458
434,458
435,458
436,458
437,458
438,458
441,458
445,458
446,458
448,458
449,458
455,458
459,458
460,458
461,458
465,458
467,458
470,458
477,458
479,458
492,458
393,459
400,459
404,459
408,459
412,459
414,459
415,459
416,459
417,459
418,459
419,459
424,459
430,459
431,459
432,459
433,459
440,459
445,459
446,459
448,459
453,459
454,459
455,459
456,459
460,459
463,459
464,459
467,459
470,459
471,459
473,459
477,459
492,459
493,459
392,460
395,460
404,460
407,460
411,460
412,460
414,460
415,460
416,460
417,460
418,460
419,460
421,460
423,460
425,460
432,460
433,460
434,460
437,460
441,460
444,460
445,460
446,460
448,460
449,460
454,460
455,460
456,460
459,460
461,460
462,460
463,460
464,460
465,460
466,460
470,460
471,460
473,460
477,460
488,460
492,460
176,461
392,461
393,461
395,461
398,461
399,461
400,461
401,461
406,461
407,461
408,461
412,461
423,461
424,461
425,461
430,461
432,461
433,461
435,461
440,461
441,461
448,461
455,461
456,461
459,461
462,461
463,461
467,461
468,461
472,461
477,461
478,461
479,461
486,461
392,462
407,462
412,462
423,462
425,462
448,462
461,462
463,462
468,462
477,462
478,462
392,463
393,463
394,463
398,463
399,463
401,463
406,463
407,463
412,463
415,463
419,463
423,463
424,463
425,463
433,463
435,463
439,463
441,463
443,463
445,463
448,463
453,463
455,463
456,463
461,463
462,463
468,463
470,463
478,463
479,463
484,463
491,463
393,464
412,464
415,464
416,464
418,464
419,464
429,464
433,464
439,464
445,464
446,464
448,464
449,464
454,464
455,464
459,464
461,464
463,464
465,464
466,464
467,464
470,464
471,464
473,464
477,464
283,465
394,465
396,465
400,465
401,465
407,465
412,465
415,465
416,465
427,465
430,465
433,465
440,465
445,465
446,465
448,465
453,465
458,465
459,465
460,465
461,465
464,465
467,465
468,465
470,465
474,465
477,465
478,465
479,465
483,465
485,465
488,465
491,465
399,466
412,466
414,466
415,466
416,466
417,466
418,466
419,466
423,466
430,466
431,466
432,466
433,466
446,466
448,466
449,466
452,466
454,466
455,466
456,466
459,466
464,466
465,466
467,466
470,466
477,466
393,467
400,467
401,467
404,467
407,467
408,467
410,467
412,467
415,467
416,467
417,467
418,467
419,467
430,467
432,467
433,467
434,467
440,467
442,467
445,467
446,467
448,467
449,467
453,467
454,467
458,467
459,467
461,467
464,467
465,467
466,467
470,467
472,467
473,467
474,467
477,467
478,467
482,467
488,467
492,467
400,468
435,468
448,468
461,468
463,468
478,468
404,469
412,469
415,469
418,469
446,469
448,469
451,469
459,469
464,469
467,469
470,469
473,469
474,469
482,469
484,469
393,470
394,470
395,470
400,470
401,470
404,470
407,470
408,470
410,470
411,470
412,470
413,470
415,470
416,470
418,470
419,470
424,470
430,470
431,470
432,470
433,470
434,470
437,470
441,470
442,470
444,470
445,470
446,470
448,470
449,470
452,470
455,470
459,470
460,470
461,470
464,470
465,470
466,470
467,470
469,470
471,470
472,470
473,470
474,470
477,470
478,470
482,470
483,470
492,470
493,470
393,471
394,471
404,471
407,471
408,471
411,471
412,471
416,471
417,471
418,471
419,471
430,471
432,471
433,471
434,471
437,471
445,471
446,471
448,471
449,471
455,471
458,471
460,471
464,471
466,471
467,471
470,471
472,471
473,471
477,471
483,471
404,472
407,472
412,472
416,472
419,472
446,472
448,472
449,472
454,472
455,472
460,472
464,472
465,472
467,472
470,472
471,472
473,472
477,472
400,473
404,473
407,473
412,473
415,473
416,473
417,473
418,473
419,473
423,473
432,473
441,473
446,473
448,473
449,473
455,473
456,473
459,473
460,473
464,473
467,473
470,473
471,473
474,473
486,473
400,474
401,474
402,474
404,474
409,474
415,474
416,474
417,474
418,474
419,474
432,474
433,474
442,474
446,474
447,474
454,474
464,474
465,474
467,474
470,474
473,474
482,474
483,474
484,474
488,474
493,474
393,475
394,475
395,475
412,475
423,475
425,475
459,475
461,475
478,475
479,475
491,475
396,476
400,476
415,476
419,476
425,476
427,476
461,476
463,476
479,476
481,476
490,476
493,476
395,477
401,477
404,477
410,477
412,477
415,477
416,477
417,477
419,477
430,477
432,477
443,477
445,477
446,477
448,477
449,477
453,477
454,477
455,477
459,477
460,477
464,477
465,477
467,477
470,477
471,477
472,477
473,477
483,477
484,477
485,477
488,477
491,477
492,477
493,477
393,478
398,478
400,478
412,478
425,478
435,478
440,478
448,478
461,478
462,478
463,478
467,478
468,478
476,478
477,478
479,478
481,478
483,478
485,478
486,478
490,478
392,479
393,479
400,479
401,479
407,479
408,479
412,479
415,479
419,479
424,479
425,479
433,479
435,479
437,479
439,479
443,479
444,479
445,479
448,479
453,479
455,479
458,479
461,479
463,479
478,479
484,479
489,479
493,479
400,480
403,480
406,480
415,480
424,480
453,480
459,480
461,480
467,480
472,480
477,480
478,480
479,480
482,480
483,480
491,480
492,480
412,481
415,481
416,481
421,481
424,481
435,481
443,481
444,481
445,481
448,481
453,481
461,481
476,481
477,481
479,481
487,481
491,481
495,481
400,482
404,482
412,482
440,482
467,482
470,482
473,482
474,482
477,482
492,482
493,482
394,483
399,483
401,483
412,483
414,483
415,483
416,483
417,483
418,483
419,483
432,483
433,483
437,483
444,483
460,483
464,483
465,483
466,483
467,483
473,483
477,483
478,483
481,483
488,483
495,483
400,484
412,484
419,484
433,484
455,484
467,484
469,484
470,484
474,484
476,484
477,484
478,484
481,484
415,485
434,485
443,485
465,485
476,485
477,485
478,485
481,485
483,485
491,485
398,486
407,486
408,486
412,486
415,486
425,486
439,486
448,486
461,486
463,486
464,486
473,486
478,486
490,486
493,486
393,487
398,487
407,487
408,487
409,487
410,487
412,487
415,487
424,487
432,487
444,487
448,487
463,487
476,487
477,487
479,487
481,487
488,487
491,487
401,488
412,488
415,488
416,488
419,488
446,488
454,488
459,488
460,488
467,488
473,488
477,488
492,488
394,489
476,489
478,489
479,489
481,489
394,490
399,490
407,490
408,490
412,490
415,490
427,490
430,490
434,490
435,490
448,490
458,490
463,490
478,490
486,490
491,490
173,491
406,491
407,491
408,491
412,491
415,491
423,491
433,491
455,491
456,491
458,491
460,491
463,491
477,491
478,491
490,491
492,491
281,492
407,492
412,492
414,492
415,492
416,492
417,492
419,492
432,492
446,492
449,492
453,492
454,492
456,492
459,492
460,492
473,492
477,492
488,492
491,492
493,492
400,493
404,493
412,493
416,493
430,493
431,493
432,493
433,493
446,493
470,493
477,493
118,494
392,494
393,494
400,494
408,494
415,494
420,494
421,494
423,494
424,494
425,494
426,494
435,494
440,494
441,494
448,494
461,494
462,494
463,494
465,494
477,494
478,494
394,495
399,495
400,495
412,495
416,495
419,495
423,495
427,495
430,495
434,495
437,495
445,495
446,495
449,495
453,495
454,495
455,495
477,495
478,495
483,495
491,495
492,495
493,495
